sample,method,esa,pds,f1,precision,recall,av_fragmentation,av_contraction,contraction_gold,contr_ratio,tips_auto,tips_gold,tips_error,tips_ratio,threshold_um
1201_01_s06b_L36_Sum_ch2.tif,ours,11.444550480345029,0.5289606135655508,0.47153742070001714,0.46323911269382,0.4801384681955863,0.5255322831919681,0.6746206882698887,0.8010043199130399,0.8422185392747047,105,58,0.8103448275862069,1.8103448275862069,2.0
1201_01_s06b_L36_Sum_ch2.tif,vaa3d,13.980214785348528,0.5543859649122806,0.35937707740516217,0.2624920127795527,0.5696235395932496,0.43344296347585254,0.88958211826799,0.8010043199130399,1.1105834215283215,77,58,0.3275862068965517,1.3275862068965518,2.0
1201_01_s10mm_ch2.tif,ours,5.846674977299267,0.4015889287544849,0.596886775479024,0.626623652262501,0.5698444081492307,0.4326856946354883,0.8777931971668108,0.8295864326720114,1.0581093935438777,145,65,1.2307692307692308,2.230769230769231,2.0
1201_01_s10mm_ch2.tif,vaa3d,13.034051121305785,0.5169539762563018,0.39237982624441536,0.26953637275322073,0.7209662167970429,0.2825825309491059,0.8352438232793821,0.8295864326720114,1.0068195312562536,142,65,1.1846153846153846,2.1846153846153844,2.0
neuron2,ours,5.158775744662512,0.25641248587079385,0.6925802025438986,0.7732678668848881,0.6271404109589042,0.3828693790149893,0.6978890642285982,0.8830687478802326,0.7902998106363179,84,33,1.5454545454545454,2.5454545454545454,2.0
neuron2,vaa3d,56.69619925313913,0.7835228775456229,0.13235201063188598,0.07558362035973976,0.5316780821917808,0.4865096359743041,0.9038520774272065,0.8830687478802326,1.0235353471593955,145,33,3.393939393939394,4.393939393939394,2.0
neuron4,ours,4.006378468396731,0.31630273478906085,0.6913004853411693,0.6809651474530831,0.7019543973941368,0.3181076672104405,0.735206206521914,0.8899471409022699,0.8261234546767887,49,14,2.5,3.5,2.0
neuron4,vaa3d,107.07309547713318,0.9631000863877576,0.021984050980954763,0.011349979970623581,0.3485342019543974,0.768352365415987,0.9032763926752133,0.8899471409022699,1.0149775769372433,333,14,22.785714285714285,23.785714285714285,2.0
