sample,method,esa,pds,f1,precision,recall,av_fragmentation,av_contraction,contraction_gold,tips_auto,tips_gold,tips_error,threshold_um
1201_01_s06b_L36_Sum_ch2.tif,ours,12.094119765406337,0.5181121560431905,0.4829539929829702,0.4861576441544701,0.4797922977066205,0.524234031504241,0.8229795483653775,0.8010043199130399,71,58,0.22413793103448276,2.0
1201_01_s06b_L36_Sum_ch2.tif,vaa3d,13.980214785348528,0.5543859649122806,0.35937707740516217,0.2624920127795527,0.5696235395932496,0.43344296347585254,0.88958211826799,0.8010043199130399,77,58,0.3275862068965517,2.0
1201_01_s10mm_ch2.tif,ours,10.568867887006325,0.6141093684775478,0.401258191342468,0.4857866043613707,0.34178629760165047,0.6620529573590096,0.8422430015907547,0.8295864326720114,65,65,0.0,2.0
1201_01_s10mm_ch2.tif,vaa3d,13.034051121305785,0.5169539762563018,0.39237982624441536,0.26953637275322073,0.7209662167970429,0.2825825309491059,0.8352438232793821,0.8295864326720114,142,65,1.1846153846153846,2.0
neuron2,ours,8.160324403309799,0.6125840918084685,0.38320718909387086,0.41353936718175127,0.3570205479452055,0.6728051391862955,0.9177596815872163,0.8830687478802326,45,33,0.36363636363636365,2.0
neuron2,vaa3d,56.69619925313913,0.7835228775456229,0.13235201063188598,0.07558362035973976,0.5316780821917808,0.4865096359743041,0.9038520774272065,0.8830687478802326,145,33,3.393939393939394,2.0
neuron4,ours,12.972436191177948,0.7759312320916906,0.22892107848308815,0.20512820512820512,0.25895765472312704,0.7862969004893964,0.86616459496594,0.8899471409022699,21,14,0.5,2.0
neuron4,vaa3d,107.07309547713318,0.9631000863877576,0.021984050980954763,0.011349979970623581,0.3485342019543974,0.768352365415987,0.9032763926752133,0.8899471409022699,333,14,22.785714285714285,2.0
