sample,method,esa,pds,f1,precision,recall,av_fragmentation,av_contraction,contraction_gold,tips_auto,tips_gold,tips_error,threshold_um
1201_01_s10mm_ch2.tif,ours,7.477167489688627,0.48462650122090994,0.5068549404639611,0.4727294285036756,0.5462907246625978,0.45830467675378267,0.69440009920863,0.8295864326720114,193,65,1.9692307692307693,2.0
1201_01_s10mm_ch2.tif,vaa3d,13.034051121305785,0.5169539762563018,0.39237982624441536,0.26953637275322073,0.7209662167970429,0.2825825309491059,0.8352438232793821,0.8295864326720114,142,65,1.1846153846153846,2.0
