sample,method,esa,pds,f1,precision,recall,av_fragmentation,av_contraction,contraction_gold,contr_ratio,tips_auto,tips_gold,tips_error,tips_ratio,threshold_um
1201_01_s06b_L36_Sum_ch2.tif,ours,9.705252544569353,0.48840422750868284,0.5140114836995932,0.47943765602417554,0.5539593249675465,0.452051237666609,0.6694057426988679,0.8010043199130399,0.8357080306028076,122,58,1.103448275862069,2.103448275862069,2.0
1201_01_s06b_L36_Sum_ch2.tif,vaa3d,13.980214785348528,0.5543859649122806,0.35937707740516217,0.2624920127795527,0.5696235395932496,0.43344296347585254,0.88958211826799,0.8010043199130399,1.1105834215283215,77,58,0.3275862068965517,1.3275862068965518,2.0
1201_01_s10mm_ch2.tif,ours,6.879756711908351,0.42997873540771603,0.5675436170481413,0.6108676599474145,0.5299578784492393,0.47248968363136173,0.8742086616800775,0.8295864326720114,1.053788523113068,141,65,1.1692307692307693,2.169230769230769,2.0
1201_01_s10mm_ch2.tif,vaa3d,13.034051121305785,0.5169539762563018,0.39237982624441536,0.26953637275322073,0.7209662167970429,0.2825825309491059,0.8352438232793821,0.8295864326720114,1.0068195312562536,142,65,1.1846153846153846,2.1846153846153844,2.0
neuron2,ours,237.53797408248647,1.0,0.0,0.0,0.0,1.0,0.4921025742162666,0.8830687478802326,0.5572641715580321,15,33,-0.5454545454545454,0.45454545454545453,2.0
neuron2,vaa3d,56.69619925313913,0.7835228775456229,0.13235201063188598,0.07558362035973976,0.5316780821917808,0.4865096359743041,0.9038520774272065,0.8830687478802326,1.0235353471593955,145,33,3.393939393939394,4.393939393939394,2.0
neuron4,ours,12.19422767306463,0.545243019648397,0.5416067568852148,0.43119910137601797,0.7280130293159609,0.28874388254486133,0.7121778882730069,0.8899471409022699,0.8002474029535819,67,14,3.7857142857142856,4.785714285714286,2.0
neuron4,vaa3d,107.07309547713318,0.9631000863877576,0.021984050980954763,0.011349979970623581,0.3485342019543974,0.768352365415987,0.9032763926752133,0.8899471409022699,1.0149775769372433,333,14,22.785714285714285,23.785714285714285,2.0
