sample,method,esa,pds,f1,precision,recall,av_fragmentation,av_contraction,contraction_gold,contr_ratio,tips_auto,tips_gold,tips_error,tips_ratio,threshold_um
1201_01_s06b_L36_Sum_ch2.tif,ours,14.39925782119441,0.5169006479481641,0.45456345310974355,0.39425699928212493,0.5366508005192557,0.46676475679418383,0.8733677263920566,0.8010043199130399,1.0903408442127662,123,58,1.1206896551724137,2.1206896551724137,2.0
1201_01_s06b_L36_Sum_ch2.tif,vaa3d,13.980214785348528,0.5543859649122806,0.35937707740516217,0.2624920127795527,0.5696235395932496,0.43344296347585254,0.88958211826799,0.8010043199130399,1.1105834215283215,77,58,0.3275862068965517,1.3275862068965518,2.0
1201_01_s10mm_ch2.tif,ours,8.100453436689296,0.5342399222923749,0.4858243211254388,0.5773920231452779,0.4193243359408579,0.5853679504814305,0.8999787298466021,0.8295864326720114,1.084852276269592,93,65,0.4307692307692308,1.4307692307692308,2.0
1201_01_s10mm_ch2.tif,vaa3d,13.034051121305785,0.5169539762563018,0.39237982624441536,0.26953637275322073,0.7209662167970429,0.2825825309491059,0.8352438232793821,0.8295864326720114,1.0068195312562536,142,65,1.1846153846153846,2.1846153846153844,2.0
neuron2,ours,5.0672492760108145,0.5591949486977111,0.4397201993117412,0.45058565153733526,0.4293664383561644,0.6068522483940043,0.9441416498363792,0.8830687478802326,1.0691598497883086,78,33,1.3636363636363635,2.3636363636363638,2.0
neuron2,vaa3d,56.69619925313913,0.7835228775456229,0.13235201063188598,0.07558362035973976,0.5316780821917808,0.4865096359743041,0.9038520774272065,0.8830687478802326,1.0235353471593955,145,33,3.393939393939394,4.393939393939394,2.0
neuron4,ours,5.164165687612992,0.6816720257234726,0.3172826730553598,0.32199787460148777,0.3127035830618892,0.734094616639478,0.9344724306154805,0.8899471409022699,1.0500313868844713,33,14,1.3571428571428572,2.357142857142857,2.0
neuron4,vaa3d,107.07309547713318,0.9631000863877576,0.021984050980954763,0.011349979970623581,0.3485342019543974,0.768352365415987,0.9032763926752133,0.8899471409022699,1.0149775769372433,333,14,22.785714285714285,23.785714285714285,2.0
