sample,method,esa,pds,f1,precision,recall,av_fragmentation,av_contraction,contraction_gold,tips_auto,tips_gold,tips_error,threshold_um
1201_01_s06b_L36_Sum_ch2.tif,ours,12.094119765406337,0.5181121560431905,0.4829539929829702,0.4861576441544701,0.4797922977066205,0.524234031504241,0.8229795483653775,0.8010043199130399,71,58,0.22413793103448276,2.0
1201_01_s06b_L36_Sum_ch2.tif,vaa3d,13.980214785348528,0.5543859649122806,0.35937707740516217,0.2624920127795527,0.5696235395932496,0.43344296347585254,0.88958211826799,0.8010043199130399,77,58,0.3275862068965517,2.0
1201_01_s10mm_ch2.tif,ours,10.568867887006325,0.6141093684775478,0.401258191342468,0.4857866043613707,0.34178629760165047,0.6620529573590096,0.8422430015907547,0.8295864326720114,65,65,0.0,2.0
1201_01_s10mm_ch2.tif,vaa3d,13.034051121305785,0.5169539762563018,0.39237982624441536,0.26953637275322073,0.7209662167970429,0.2825825309491059,0.8352438232793821,0.8295864326720114,142,65,1.1846153846153846,2.0
neuron2,ours,22.06258602154185,0.7628640245237573,0.24968522022437734,0.18196528390703148,0.3976883561643836,0.635117773019272,0.8908275800904336,0.8830687478802326,78,33,1.3636363636363635,2.0
neuron2,vaa3d,56.69619925313913,0.7835228775456229,0.13235201063188598,0.07558362035973976,0.5316780821917808,0.4865096359743041,0.9038520774272065,0.8830687478802326,145,33,3.393939393939394,2.0
