sample,method,ssd,recall,precision,f1,len_recall,len_precision,len_f1
1201_01_s10mm_ch2.tif,ours,14.737524524802737,0.3595805037393621,0.5532438478747204,0.4358685242297296,0.30386604,0.3562802,0.32799233546920753
1201_01_s10mm_ch2.tif,vaa3d,19.50612141511863,0.7209662167970429,0.26910043130006156,0.39191769617883226,0.56061551,0.20319127,0.29827485285898536
