sample,method,esa,pds,f1,precision,recall,av_fragmentation,av_contraction,contraction_gold,contr_ratio,tips_auto,tips_gold,tips_error,tips_ratio,threshold_um
1201_01_s06b_L36_Sum_ch2.tif,ours,10.99091567183664,0.4966326956314441,0.49929871412393145,0.4892802450229709,0.5097360450021635,0.49342219144884886,0.8545364441752068,0.8010043199130399,1.066831255376973,62,58,0.06896551724137931,1.0689655172413792,2.0
1201_01_s06b_L36_Sum_ch2.tif,vaa3d,13.980214785348528,0.5543859649122806,0.35937707740516217,0.2624920127795527,0.5696235395932496,0.43344296347585254,0.88958211826799,0.8010043199130399,1.1105834215283215,77,58,0.3275862068965517,1.3275862068965518,2.0
1201_01_s10mm_ch2.tif,ours,9.821254374385443,0.6193873001719635,0.40556456970887766,0.532448377581121,0.3275165477520846,0.6759800550206327,0.8607503580642074,0.8295864326720114,1.0375656160284834,48,65,-0.26153846153846155,0.7384615384615385,2.0
1201_01_s10mm_ch2.tif,vaa3d,13.034051121305785,0.5169539762563018,0.39237982624441536,0.26953637275322073,0.7209662167970429,0.2825825309491059,0.8352438232793821,0.8295864326720114,1.0068195312562536,142,65,1.1846153846153846,2.1846153846153844,2.0
neuron2,ours,4.997697448733848,0.584880339968687,0.4129819661618107,0.4576112412177986,0.3762842465753425,0.6578158458244111,0.9443729449502728,0.8830687478802326,1.0694217717671453,52,33,0.5757575757575758,1.5757575757575757,2.0
neuron2,vaa3d,56.69619925313913,0.7835228775456229,0.13235201063188598,0.07558362035973976,0.5316780821917808,0.4865096359743041,0.9038520774272065,0.8830687478802326,1.0235353471593955,145,33,3.393939393939394,4.393939393939394,2.0
neuron4,ours,7.994549461945796,0.7035775127768313,0.28948315478274955,0.3517857142857143,0.24592833876221498,0.797716150081566,0.9323661594890147,0.8899471409022699,1.0476646495473185,14,14,0.0,1.0,2.0
neuron4,vaa3d,107.07309547713318,0.9631000863877576,0.021984050980954763,0.011349979970623581,0.3485342019543974,0.768352365415987,0.9032763926752133,0.8899471409022699,1.0149775769372433,333,14,22.785714285714285,23.785714285714285,2.0
