sample,method,esa,pds,f1,precision,recall,av_fragmentation,av_contraction,contraction_gold,tips_auto,tips_gold,tips_error,threshold_um
1201_01_s10mm_ch2.tif,ours,6.828747914701234,0.47173182009247583,0.5308566244485893,0.544262738207866,0.5180950743574314,0.4871045392022008,0.8886331475262078,0.8295864326720114,180,65,1.7692307692307692,2.0
1201_01_s10mm_ch2.tif,vaa3d,13.034051121305785,0.5169539762563018,0.39237982624441536,0.26953637275322073,0.7209662167970429,0.2825825309491059,0.8352438232793821,0.8295864326720114,142,65,1.1846153846153846,2.0
