sample,method,esa,pds,f1,precision,recall,av_fragmentation,av_contraction,contraction_gold,tips_auto,tips_gold,tips_error,threshold_um
1201_01_s06b_L36_Sum_ch2.tif,ours,10.837973085134863,0.45568908207619535,0.519207897559175,0.4535,0.6071830376460406,0.3972650164445214,0.8634166890897316,0.8010043199130399,185,58,2.189655172413793,2.0
1201_01_s06b_L36_Sum_ch2.tif,vaa3d,13.980214785348528,0.5543859649122806,0.35937707740516217,0.2624920127795527,0.5696235395932496,0.43344296347585254,0.88958211826799,0.8010043199130399,77,58,0.3275862068965517,2.0
1201_01_s10mm_ch2.tif,ours,6.828747914701234,0.47173182009247583,0.5308566244485893,0.544262738207866,0.5180950743574314,0.4871045392022008,0.8886331475262078,0.8295864326720114,180,65,1.7692307692307692,2.0
1201_01_s10mm_ch2.tif,vaa3d,13.034051121305785,0.5169539762563018,0.39237982624441536,0.26953637275322073,0.7209662167970429,0.2825825309491059,0.8352438232793821,0.8295864326720114,142,65,1.1846153846153846,2.0
